{"T": -0.09695526957511902, "F": -0.07139255851507187}